sku,slug,name,description,category,price,price_list,rating,sold_fake,emoji,image_url,tags,active,updated_at
DOP-001,tonico-do-foco,Tonico do Foco 500ml,Bebedouro de atencao pura. Cada gole e uma notificacao que voce nao precisa abrir.,Bebidas,39.90,59.90,4.8,1284,🥤,https://images.unsplash.com/photo-1600271886742-f049cd451bba?auto=format&fit=crop&w=800&q=80,foco|urgencia,1,2026-10-06
DOP-002,vinho-do-caos,Vinho do Caos Reserva 2019,Envelhecido em clima de pressao. Servir sempre depois de um dia terrivel.,Bebidas,89.90,129.90,4.9,842,🍷,https://images.unsplash.com/photo-1510812431401-41d2bd2722f3?auto=format&fit=crop&w=800&q=80,noite|relaxa,1,2026-10-06
DOP-003,cafe-da-madrugada,Cafe da Madrugada 250g,Torra escura para quem nao dormiu ontem tambem.,Bebidas,32.90,44.90,4.7,2310,☕,https://images.unsplash.com/photo-1495474472287-4d71bcdd2085?auto=format&fit=crop&w=800&q=80,foco|manha,1,2026-10-06
DOP-004,soda-da-ansiedade,Soda da Ansiedade 350ml,Gaseificada a ponto de combinar com o coracao.,Bebidas,12.90,18.90,4.5,567,🫧,https://images.unsplash.com/photo-1554866585-cd94860890b7?auto=format&fit=crop&w=800&q=80,oferta-relampago,1,2026-10-06
DOP-005,chips-do-scroll,Chips do Scroll 120g,Crocancia infinita para rolagem infinita.,Snacks,14.90,19.90,4.6,3120,🥔,https://images.unsplash.com/photo-1566478989037-eec170784d0b?auto=format&fit=crop&w=800&q=80,vicio|cadeado,1,2026-10-06
DOP-006,biscoito-da-tela,Biscoito da Tela 200g,Quebra-cabeca comestivel para intervalo entre videos.,Snacks,16.90,24.90,4.4,981,🍪,https://images.unsplash.com/photo-1499636136210-6f4ee915583e?auto=format&fit=crop&w=800&q=80,lanche,1,2026-10-06
DOP-007,barra-do-pico,Barra do Pico 40g,Carboidrato para subir no pico da curva de dopamina.,Snacks,9.90,14.90,4.7,1876,🍫,https://images.unsplash.com/photo-1549007994-cb92caebd54b?auto=format&fit=crop&w=800&q=80,fitness|rapido,1,2026-10-06
DOP-008,pipoca-do-plot-twist,Pipoca do Plot Twist 100g,Estala a cada reviravolta da sua timeline.,Snacks,18.90,27.90,4.8,1455,🍿,https://images.unsplash.com/photo-1578849278619-e73505e9610f?auto=format&fit=crop&w=800&q=80,noite|cinema,1,2026-10-06
DOP-009,doce-do-nivel-99,Doce do Nivel 99 180g,Bala de goma com experiencia gamificada: mude de cor ao mastigar.,Snacks,21.90,29.90,4.6,733,🍬,https://images.unsplash.com/photo-1578985545062-69928b1d9587?auto=format&fit=crop&w=800&q=80,gamificado,1,2026-10-06
DOP-010,ramen-do-crunch,Ramen do Crunch 90g,Lamen instantaneo com nivel de picancia configuravel.,Snacks,11.90,16.90,4.5,2604,🍜,https://images.unsplash.com/photo-1569718212165-3a8278d5f624?auto=format&fit=crop&w=800&q=80,rapido|pimenta,1,2026-10-06
DOP-011,rato-de-pelucia,Rato de Pelucia Ansioso 30cm,Amigavel com a sua madrugada. Aperta e diz 'mais uma rodada'.,Pets,49.90,69.90,4.9,654,🐭,https://images.unsplash.com/photo-1559454403-b8fb88521f11?auto=format&fit=crop&w=800&q=80,brinquedo|noite,1,2026-10-06
DOP-012,petisco-do-click,Petisco do Click 300g,Shape de osso premiado. Cada clique no site da um tambor.,Pets,27.90,39.90,4.7,1932,🦴,https://images.unsplash.com/photo-1589924691995-400dc9ecc119?auto=format&fit=crop&w=800&q=80,premio|treino,1,2026-10-06
DOP-013,coleira-do-cachorro-ocioso,Coleira do Cachorro Ocio 20m,Para passeios que viram sessoes de rolagem no banco.,Pets,59.90,89.90,4.4,412,🐕,https://images.unsplash.com/photo-1530281700549-e82e7bf110d6?auto=format&fit=crop&w=800&q=80,passeio,1,2026-10-06
DOP-014,comedouro-antiboredom,Comedouro Antitedio Interativo,Liberar racao em etapas. Seu pet tambem merece um funil de conversao.,Pets,74.90,99.90,4.8,1098,🥣,https://images.unsplash.com/photo-1568640347023-a616a30bc3bd?auto=format&fit=crop&w=800&q=80,treino|enriquecimento,1,2026-10-06
DOP-015,caneca-do-hoje-eu-puedo,Caneca Hoje Eu Posso 350ml,Acapo para rituais matinais de produtividade duvidosa.,Casa,34.90,49.90,4.6,2201,☕,https://images.unsplash.com/photo-1514228742587-6b1558fcca3d?auto=format&fit=crop&w=800&q=80,rotina|presente,1,2026-10-06
DOP-016,lampada-da-vibe,Lampada da Vibe RGB,Cores que mudam conforme a sua feed. Sincroniza com a ansiedade.,Casa,89.90,139.90,4.7,1667,💡,https://images.unsplash.com/photo-1507473885765-e6ed057f782c?auto=format&fit=crop&w=800&q=80,smart|gamer,1,2026-10-06
DOP-017,edredom-do-domingo,Edredom do Domingo King,Manta pesada para nao sair da cama nunca mais.,Casa,249.90,349.90,4.9,588,🛏️,https://images.unsplash.com/photo-1505693416388-ac5ce068fe85?auto=format&fit=crop&w=800&q=80,conforto|inverno,1,2026-10-06
DOP-018,almofada-do-nap,Almofada do Nap Premium,Forma ergonomica para cochilos de 20 minutos que viram 2 horas.,Casa,119.90,169.90,4.5,745,😴,https://images.unsplash.com/photo-1522771739844-6a9f6d5f14af?auto=format&fit=crop&w=800&q=80,conforto,1,2026-10-06
DOP-019,diffuser-da-paz,Diffuser da Paz 100ml,Aroma de 'reuniao cancelada'. 12 horas de neblina.,Casa,64.90,89.90,4.6,1320,🕯️,https://images.unsplash.com/photo-1603006905003-be475563bc59?auto=format&fit=crop&w=800&q=80,bem-estar,1,2026-10-06
DOP-020,kit-plantas-imortais,Kit Plantas Imortais x3,Tres vasos que fingem bem estar vivos. Zero manutencao.,Casa,79.90,119.90,4.3,901,🪴,https://images.unsplash.com/photo-1485955900006-10f4d324d411?auto=format&fit=crop&w=800&q=80,decoracao,1,2026-10-06
DOP-021,fone-do-vazio,Fone do Vazio ANC 40h,Cancelamento de ruido total. Ninguem alcanca voce.,Tech,199.90,299.90,4.8,4512,🎧,https://images.unsplash.com/photo-1505740420928-5e560c06d30e?auto=format&fit=crop&w=800&q=80,audio|oferta-relampago,1,2026-10-06
DOP-022,carregador-do-desespero,Carregador Rapido 65W,De 1% a 50% antes de voce terminar de se arrepender.,Tech,79.90,119.90,4.7,3890,⚡,https://images.unsplash.com/photo-1609091839311-d5365f9ff1c5?auto=format&fit=crop&w=800&q=80,rapido|necessidade,1,2026-10-06
DOP-023,smartwatch-do-arrependimento,Smartwatch da Conta 24h,"Conta passos, calorias e quantas vezes voce abriu o celular.",Tech,329.90,459.90,4.6,1543,⌚,https://images.unsplash.com/photo-1546868871-7041f2a55e12?auto=format&fit=crop&w=800&q=80,fitness|smart,1,2026-10-06
DOP-024,teclado-mecanico-do-buzz,Teclado Mecanico Tactil 75%,Som de digitacao que parece produtividade.,Tech,289.90,399.90,4.8,2077,⌨️,https://images.unsplash.com/photo-1587829741301-dc798b83add3?auto=format&fit=crop&w=800&q=80,gamer|trabalho,1,2026-10-06
DOP-025,webcam-do-hikikomori,Webcam FullHD com Cortina,Liberdade de desligar a camera sem drama.,Tech,159.90,219.90,4.5,678,📷,https://images.unsplash.com/photo-1527443224154-c4a3942d3acf?auto=format&fit=crop&w=800&q=80,home-office,1,2026-10-06
DOP-026,ssd-do-inventario,SSD 1TB Nitido,Seu acervo de memes carrega antes de voce piscar.,Tech,399.90,549.90,4.9,1204,💾,https://images.unsplash.com/photo-1597872200969-2b65d56bd16b?auto=format&fit=crop&w=800&q=80,velocidade|armazenamento,1,2026-10-06
DOP-027,serum-do-glow,Serum do Glow 30ml,Brilho que sobrevive a todo o doomscrolling da madrugada.,Beleza,89.90,129.90,4.7,2688,✨,https://images.unsplash.com/photo-1620916566398-39f1143ab7be?auto=format&fit=crop&w=800&q=80,skincare|rotina,1,2026-10-06
DOP-028,perfume-do-soco-online,Perfume Soco Online 100ml,"Notas de cafe, tinta e 'resolvi sozinho'. Fixacao de 12h.",Beleza,149.90,199.90,4.6,934,🌸,https://images.unsplash.com/photo-1541643600914-78b084683601?auto=format&fit=crop&w=800&q=80,perfume,1,2026-10-06
DOP-029,mascara-da-terceira-noite,Mascara Facial Noturna 60g,Reparacao noturna para quem virou a noite.,Beleza,59.90,89.90,4.5,1477,🧖,https://images.unsplash.com/photo-1571781926291-c477ebfd024b?auto=format&fit=crop&w=800&q=80,skincare|noite,1,2026-10-06
DOP-030,tinta-do-convite,Tinta de Unhas Semi-Permanente Kit,Esmalte que dura ate a proxima ideia brilhante.,Beleza,69.90,99.90,4.4,812,💅,https://images.unsplash.com/photo-1604654894610-df63bc536371?auto=format&fit=crop&w=800&q=80,kit,1,2026-10-06
DOP-031,haltera-do-ego,Haltera Ajustavel 10kg,Para construir o braco que segura o celular.,Fitness,149.90,199.90,4.6,1655,🏋️,https://images.unsplash.com/photo-1517836357463-d25dfeac3438?auto=format&fit=crop&w=800&q=80,treino|casa,1,2026-10-06
DOP-032,esteira-do-sedentario,Esteira de Caminhada Baixa,Andar enquanto assiste. Guilt-free.,Fitness,1299.90,1699.90,4.7,326,🏃,https://images.unsplash.com/photo-1538805060514-97d9cc17730c?auto=format&fit=crop&w=800&q=80,casa|caro,1,2026-10-06
DOP-033,corda-de-pular-do-reset,Corda de Pular Ropider 3m,O reset de 5 minutos do seu dia.,Fitness,44.90,69.90,4.5,1088,🤸,https://images.unsplash.com/photo-1434596922112-19c563067271?auto=format&fit=crop&w=800&q=80,cardio|rapido,1,2026-10-06
DOP-034,garrafa-da-hidratacao,Garrafa 1.5L Motivadora,Marcais de beber agua como se fossem missoes diarias.,Fitness,49.90,74.90,4.6,2430,💧,https://images.unsplash.com/photo-1602143407151-7111542de6e8?auto=format&fit=crop&w=800&q=80,agua|rotina,1,2026-10-06
DOP-035,lego-do-caos,Kit Blocos Caos 520 pcs,Construa algo que nao existe e desmonte na hora.,Brinquedos,189.90,259.90,4.9,764,🧱,https://images.unsplash.com/photo-1558060370-d644479cb6f7?auto=format&fit=crop&w=800&q=80,criativo|familia,1,2026-10-06
DOP-036,cartas-do-abismo,Cartas do Abismo Baralho 108,Uno distorcido: compre 4 e pague 7. So que nao.,Brinquedos,79.90,109.90,4.8,1341,🃏,https://images.unsplash.com/photo-1522542550221-31fd19575a2d?auto=format&fit=crop&w=800&q=80,jogo|amigos,1,2026-10-06
DOP-037,cubo-magico-premium,Cubo Magico Velocidade 3x3,Resolva em 40s o problema que voce nao consegue nomear.,Brinquedos,59.90,89.90,4.7,1902,🧊,https://images.unsplash.com/photo-1567653418876-5bb0e566e1c2?auto=format&fit=crop&w=800&q=80,logica|fidget,1,2026-10-06
DOP-038,polvilho-do-bebado,Dose Caseira Premiada 500ml,Ajudinha para quem diz 'e a ultima'.,Bebidas,44.90,64.90,4.5,1522,🥃,https://images.unsplash.com/photo-1569529465841-dfecdab7503b?auto=format&fit=crop&w=800&q=80,noite,1,2026-10-06
DOP-039,chavena-do-caos,Chavena Ceramica Todomundo Faz,Aglomera graos de cafe e opinioes alheias.,Casa,42.90,59.90,4.4,605,🍵,https://images.unsplash.com/photo-1544787219-7f47ccb76574?auto=format&fit=crop&w=800&q=80,presente,1,2026-10-06
DOP-040,kit-sobrevivencia-mental,Kit Sobrevivencia Mental x5,"Chas, caderno e um botao vermelho simbolico.",Bem-estar,129.90,179.90,4.8,987,🎁,https://images.unsplash.com/photo-1549465220-1a8b9238cd48?auto=format&fit=crop&w=800&q=80,kit|bem-estar,1,2026-10-06
